<?xml version="1.0" encoding="UTF-8"?>
<project-private xmlns="http://www.netbeans.org/ns/project-private/1">
    <editor-bookmarks xmlns="http://www.netbeans.org/ns/editor-bookmarks/2" lastBookmarkId="0"/>
    <open-files xmlns="http://www.netbeans.org/ns/projectui-open-files/2">
        <group>
            <file>file:/C:/Users/srsub/Downloads/Covid%20recentfile/CovidJabLastupdated/CovidJabMA/src/covidjabma/Ui/Manager.java</file>
            <file>file:/C:/Users/srsub/Downloads/Covid%20recentfile/CovidJabLastupdated/CovidJabMA/src/covidjabma/Ui/DeriveryMan.java</file>
            <file>file:/C:/Users/srsub/Downloads/Covid%20recentfile/CovidJabLastupdated/CovidJabMA/src/covidjabma/NewOrgEnter.java</file>
            <file>file:/C:/Users/srsub/Downloads/Covid%20recentfile/CovidJabLastupdated/CovidJabMA/src/covidjabma/ConnectDb.java</file>
            <file>file:/C:/Users/srsub/Downloads/Covid%20recentfile/CovidJabLastupdated/CovidJabMA/src/covidjabma/JabDetails.java</file>
            <file>file:/C:/Users/srsub/Downloads/Covid%20recentfile/CovidJabLastupdated/CovidJabMA/src/covidjabma/Ui/SignUp.java</file>
            <file>file:/C:/Users/srsub/Downloads/Covid%20recentfile/CovidJabLastupdated/CovidJabMA/src/covidjabma/Ui/Organization.java</file>
            <file>file:/C:/Users/srsub/Downloads/Covid%20recentfile/CovidJabLastupdated/CovidJabMA/src/covidjabma/Controller.java</file>
            <file>file:/C:/Users/srsub/Downloads/Covid%20recentfile/CovidJabLastupdated/CovidJabMA/src/covidjabma/Ui/Admin.java</file>
            <file>file:/C:/Users/srsub/Downloads/Covid%20recentfile/CovidJabLastupdated/CovidJabMA/src/covidjabma/Ui/EntPrise.java</file>
            <file>file:/C:/Users/srsub/Downloads/Covid%20recentfile/CovidJabLastupdated/CovidJabMA/src/covidjabma/EnterPrises.java</file>
            <file>file:/C:/Users/srsub/Downloads/Covid%20recentfile/CovidJabLastupdated/CovidJabMA/src/covidjabma/Ui/Forgotpassword.java</file>
            <file>file:/C:/Users/srsub/Downloads/Covid%20recentfile/CovidJabLastupdated/CovidJabMA/src/covidjabma/Ui/Login.java</file>
            <file>file:/C:/Users/srsub/Downloads/Covid%20recentfile/CovidJabLastupdated/CovidJabMA/src/covidjabma/AddEnterPORG.java</file>
            <file>file:/C:/Users/srsub/Downloads/Covid%20recentfile/CovidJabLastupdated/CovidJabMA/src/covidjabma/Ui/Home.java</file>
        </group>
    </open-files>
</project-private>
